mean_fit_time,mean_score_time,mean_test_score,mean_train_score,param_KNN__metric,param_KNN__n_neighbors,param_KNN__weights,params,rank_test_score,split0_test_score,split0_train_score,split1_test_score,split1_train_score,split2_test_score,split2_train_score,split3_test_score,split3_train_score,split4_test_score,split4_train_score,std_fit_time,std_score_time,std_test_score,std_train_score
1.0988000869750976,8.89079999923706,0.7241844392749235,0.971834652142682,manhattan,1,uniform,"{'KNN__metric': 'manhattan', 'KNN__n_neighbors': 1, 'KNN__weights': 'uniform'}",80,0.7337494454207144,0.9702270913061161,0.731252851840098,0.9736015442655015,0.7229962649118016,0.9712660230165004,0.7131252829632437,0.9716717370562185,0.7197939993993078,0.9724068650690735,0.11651159408518195,0.7064479719399955,0.007542501040568316,0.0011299086386616468
1.1436000347137452,9.294999933242797,0.7241844392749235,0.971834652142682,manhattan,1,distance,"{'KNN__metric': 'manhattan', 'KNN__n_neighbors': 1, 'KNN__weights': 'distance'}",80,0.7337494454207144,0.9702270913061161,0.731252851840098,0.9736015442655015,0.7229962649118016,0.9712660230165004,0.7131252829632437,0.9716717370562185,0.7197939993993078,0.9724068650690735,0.017545325414881283,0.24635992223858563,0.007542501040568316,0.0011299086386616468
1.1046000480651856,9.657999992370605,0.7689553619228028,0.8576850626439348,manhattan,4,uniform,"{'KNN__metric': 'manhattan', 'KNN__n_neighbors': 4, 'KNN__weights': 'uniform'}",1,0.7725061826051305,0.8573929772747458,0.7730653669380748,0.8565996929066828,0.7635525230660247,0.858429506887948,0.7693109910820515,0.8584966478276337,0.7663406768854628,0.8575064883226639,0.11965711475525531,0.6956780824052107,0.003623804653782238,0.000708251065724288
1.1110000610351562,10.01739993095398,0.7399889446835234,0.9818783642693617,manhattan,4,distance,"{'KNN__metric': 'manhattan', 'KNN__n_neighbors': 4, 'KNN__weights': 'distance'}",56,0.7504477421847081,0.9810904030590741,0.7462521492414302,0.9817743179681048,0.7406931991080418,0.9827929387951233,0.7376817545300443,0.9813635154673107,0.7248627365226236,0.9823706460571958,0.06938875130954139,0.3444790930143741,0.008754248558628807,0.0006285802593943996
1.0931999683380127,10.102199935913086,0.743948773483731,0.7927552055187667,manhattan,7,uniform,"{'KNN__metric': 'manhattan', 'KNN__n_neighbors': 7, 'KNN__weights': 'uniform'}",29,0.748488360282071,0.7898297574497178,0.7399713908137987,0.7921855895820848,0.7402790079833103,0.7969288759754778,0.7427882539983365,0.7940286466905696,0.7482184728713623,0.7908031578959833,0.09232863803604086,0.43698767453042947,0.003727535072187989,0.002519300543440723
1.1620000362396241,10.160999965667724,0.743343262073638,0.9810729455787041,manhattan,7,distance,"{'KNN__metric': 'manhattan', 'KNN__n_neighbors': 7, 'KNN__weights': 'distance'}",34,0.7477187910671552,0.9798220299359881,0.7434226765167317,0.9811664475328835,0.7462175455991799,0.9819463229337991,0.7395737915495331,0.9808278289112411,0.7397811161285904,0.9816020985796086,0.029583820756872523,0.37182152808780766,0.0032957342889326506,0.0007316290923759255
1.043600034713745,9.79700002670288,0.7631039848393543,0.7993153123714222,manhattan,10,uniform,"{'KNN__metric': 'manhattan', 'KNN__n_neighbors': 10, 'KNN__weights': 'uniform'}",3,0.7668664467822297,0.799807534431184,0.7636475186162333,0.7983358385890728,0.7570805893829184,0.8005017569695616,0.7607091716941997,0.7986600737262243,0.767217476986632,0.7992713581410685,0.15717076425017282,0.7348837152578533,0.00383118172255536,0.0007798168871481397
1.0420001029968262,10.56119999885559,0.7440661957370749,0.9812128928608974,manhattan,10,distance,"{'KNN__metric': 'manhattan', 'KNN__n_neighbors': 10, 'KNN__weights': 'distance'}",27,0.7510635028148681,0.9802107665878549,0.7426563966214215,0.9811664475328835,0.745463896691155,0.9819463229337991,0.7405635048485424,0.9811388286703413,0.7405813806440056,0.9816020985796086,0.16611434523472646,0.2477534004275259,0.003932387179659358,0.0005833181813132926
1.027199935913086,10.56459994316101,0.7505773645543704,0.7749861294362119,manhattan,13,uniform,"{'KNN__metric': 'manhattan', 'KNN__n_neighbors': 13, 'KNN__weights': 'uniform'}",9,0.7594865293152058,0.7717520594116948,0.7510920541090443,0.7746373154082921,0.7436143780633433,0.7755654791784079,0.753130757972983,0.7780777924834366,0.7455614629493996,0.7748980006992282,0.07747360823531994,0.24513642160314675,0.005653476003825713,0.00202398978975652
1.0739998817443848,10.208200073242187,0.7462971014105573,0.9810563203083926,manhattan,13,distance,"{'KNN__metric': 'manhattan', 'KNN__n_neighbors': 13, 'KNN__weights': 'distance'}",15,0.7531080123088971,0.9802107665878549,0.7459791357141692,0.9807360854983387,0.744110407459861,0.9819463229337991,0.7487602261600177,0.9811388286703413,0.7395252949452265,0.9812495978516296,0.14536717195967697,0.461609103170099,0.00454285633643069,0.0005751138912645276
0.9556001186370849,9.608999919891357,0.7587889926502887,0.7812651005609086,manhattan,16,uniform,"{'KNN__metric': 'manhattan', 'KNN__n_neighbors': 16, 'KNN__weights': 'uniform'}",5,0.7687132023815726,0.7796375603892991,0.757608459393218,0.7793062601844397,0.750441689836634,0.7832586643069517,0.7591245775292966,0.7845108596808867,0.7580567865065524,0.7796121582429658,0.08749995730677514,0.6513290038488599,0.0058349284285148005,0.0021784127070687094
1.1300000190734862,10.311800050735474,0.7465195569477224,0.9810563203083926,manhattan,16,distance,"{'KNN__metric': 'manhattan', 'KNN__n_neighbors': 16, 'KNN__weights': 'distance'}",14,0.7534189187980141,0.9802107665878549,0.7438687082552449,0.9807360854983387,0.748230740770564,0.9819463229337991,0.7459842909335946,0.9811388286703413,0.7410926278183803,0.9812495978516296,0.02114704351683019,0.3229132782683094,0.004178346986276103,0.0005751138912645276
1.1422000408172608,10.744600009918212,0.7452058095016774,0.7642561111097411,manhattan,19,uniform,"{'KNN__metric': 'manhattan', 'KNN__n_neighbors': 19, 'KNN__weights': 'uniform'}",21,0.7494463417239928,0.7634285952427091,0.736542077765831,0.7621667291705517,0.7439818608496759,0.7651524454780704,0.7509547048232731,0.7675883368707145,0.7451052792429169,0.7629444487866599,0.027600118733871852,0.05662018569939027,0.005051927470601645,0.001932764924647283
1.215399980545044,11.610799980163574,0.7454708452615127,0.9810563203083926,manhattan,19,distance,"{'KNN__metric': 'manhattan', 'KNN__n_neighbors': 19, 'KNN__weights': 'distance'}",20,0.7524642266756978,0.9802107665878549,0.7429579614428586,0.9807360854983387,0.744110407459861,0.9819463229337991,0.7482611579645598,0.9811388286703413,0.739558491102903,0.9812495978516296,0.0657984711316029,0.6969014805205979,0.004467899495954927,0.0005751138912645276
1.282800054550171,11.923999977111816,0.7516560720139608,0.7691498669168281,manhattan,22,uniform,"{'KNN__metric': 'manhattan', 'KNN__n_neighbors': 22, 'KNN__weights': 'uniform'}",8,0.7583840809562078,0.7667066928449192,0.744292767338793,0.7700137061032782,0.7505768150860302,0.7730991834811003,0.7533626562220327,0.7706028662220816,0.7516644184612791,0.7653268859327611,0.10441344240037773,0.6510738613552794,0.004551365669251607,0.0027942372696725132
1.2028000831604004,11.954999971389771,0.7447708818081685,0.9810563203083926,manhattan,22,distance,"{'KNN__metric': 'manhattan', 'KNN__n_neighbors': 22, 'KNN__weights': 'distance'}",24,0.7509536395400426,0.9802107665878549,0.745068388901783,0.9807360854983387,0.7442988196868672,0.9819463229337991,0.746273308274635,0.9811388286703413,0.7372572860296869,0.9812495978516296,0.024481781251028675,0.41446594479392684,0.0044099158513608875,0.0005751138912645276
1.28240008354187,12.234999942779542,0.7430128401028443,0.7583720141877618,manhattan,25,uniform,"{'KNN__metric': 'manhattan', 'KNN__n_neighbors': 25, 'KNN__weights': 'uniform'}",38,0.7473798595749989,0.7557821440665353,0.740106516063195,0.7583336977610908,0.7388722317744063,0.761516534112034,0.7466244459184856,0.7601892933002635,0.7420815308170998,0.7560384016988851,0.06181127122626575,0.4549280167015072,0.0034227976007885357,0.0022514507131401115
1.4046000480651855,12.887200021743775,0.7449555287711663,0.9810563203083926,manhattan,25,distance,"{'KNN__metric': 'manhattan', 'KNN__n_neighbors': 25, 'KNN__weights': 'distance'}",23,0.7497319862385392,0.9802107665878549,0.7441576420893967,0.9807360854983387,0.7451656211893232,0.9819463229337991,0.7471622076923887,0.9811388286703413,0.7385578640643691,0.9812495978516296,0.2108654806836404,0.6134424935495658,0.0037224977659330873,0.0005751138912645276
1.3380000114440918,12.286799907684326,0.7487322481276666,0.7630270937426374,manhattan,28,uniform,"{'KNN__metric': 'manhattan', 'KNN__n_neighbors': 28, 'KNN__weights': 'uniform'}",11,0.7529542037241413,0.7605381401864575,0.7462021515834257,0.7615732713184233,0.7436017470760581,0.7671191460932802,0.7537524874443287,0.765267543942412,0.7471510583251222,0.7606373671726137,0.10900457715575787,0.39354923190312097,0.003956133886292623,0.002675211844453353
1.248199987411499,12.38600001335144,0.7443645636526416,0.9810563203083926,manhattan,28,distance,"{'KNN__metric': 'manhattan', 'KNN__n_neighbors': 28, 'KNN__weights': 'distance'}",25,0.7502878812518782,0.9802107665878549,0.7426690276087067,0.9807360854983387,0.7450431269272124,0.9819463229337991,0.7452180527917286,0.9811388286703413,0.7386023890695065,0.9812495978516296,0.12434046171793794,0.5676368283905927,0.003803863233142949,0.0005751138912645276
1.3075999736785888,12.85339994430542,0.7432285842443481,0.7543341992090368,manhattan,31,uniform,"{'KNN__metric': 'manhattan', 'KNN__n_neighbors': 31, 'KNN__weights': 'uniform'}",35,0.7472353926579228,0.7525325672551838,0.7385739562725745,0.7542619209255275,0.7397829785867925,0.757363908608297,0.7458800551712521,0.7555757655313197,0.7446717532313561,0.7519368337248563,0.14790609844301306,0.8728987359952904,0.0034266770897321127,0.001985904785670456
1.2570000171661377,12.174000024795532,0.7437669432645937,0.9810563203083926,manhattan,31,distance,"{'KNN__metric': 'manhattan', 'KNN__n_neighbors': 31, 'KNN__weights': 'distance'}",30,0.748799266771188,0.9802107665878549,0.7444246032685837,0.9807360854983387,0.7459538737395984,0.9819463229337991,0.7432302031018037,0.9811388286703413,0.736423430164242,0.9812495978516296,0.06586340849674437,0.2716409428165629,0.0041168475364852675,0.0005751138912645276
1.2661999225616456,12.717200088500977,0.747243645147001,0.758195953639945,manhattan,34,uniform,"{'KNN__metric': 'manhattan', 'KNN__n_neighbors': 34, 'KNN__weights': 'uniform'}",13,0.7553755376721827,0.7560697211668626,0.7422482578447641,0.7573349929521482,0.7436802960282387,0.762139516370967,0.7506085683902419,0.7598685460085105,0.7443050147275018,0.7555669917012365,0.030102426703848894,0.39074672092208007,0.0049748828854930096,0.002470741223017449
1.3013999462127686,12.576399993896484,0.7440733807796659,0.9810563203083926,manhattan,34,distance,"{'KNN__metric': 'manhattan', 'KNN__n_neighbors': 34, 'KNN__weights': 'distance'}",26,0.7495435740115332,0.9802107665878549,0.7412809347351624,0.9807360854983387,0.7456429672504814,0.9819463229337991,0.7470176990218685,0.9811388286703413,0.7368792186783716,0.9812495978516296,0.10303139009465645,0.4183818842268464,0.004485487305630898,0.0005751138912645276
1.2205999851226808,12.623400115966797,0.74258200893077,0.7507875437978992,manhattan,37,uniform,"{'KNN__metric': 'manhattan', 'KNN__n_neighbors': 37, 'KNN__weights': 'uniform'}",41,0.7508124619425721,0.7474414703519839,0.7389068354166569,0.7494432892989434,0.7388722317744063,0.7564914784286244,0.74240342398686,0.7536063279698761,0.7419147596440109,0.7469551529400681,0.024146291892957486,0.3216821543967762,0.004370336005581801,0.003692448018060202
1.2558001041412354,12.58859987258911,0.7436047913828842,0.9810563203083926,manhattan,37,distance,"{'KNN__metric': 'manhattan', 'KNN__n_neighbors': 37, 'KNN__weights': 'distance'}",31,0.7478445746488717,0.9802107665878549,0.7420472146304725,0.9807360854983387,0.7456209945955163,0.9819463229337991,0.7462296134853702,0.9811388286703413,0.7362789214937218,0.9812495978516296,0.07639993510324941,0.2695007124545714,0.004123374262679572,0.0005751138912645276
1.2278000831604003,12.497999906539917,0.7457048874722665,0.7537149800864736,manhattan,40,uniform,"{'KNN__metric': 'manhattan', 'KNN__n_neighbors': 40, 'KNN__weights': 'uniform'}",17,0.7531991922483631,0.7508207275057337,0.7406497800892484,0.7536526520090698,0.7432029499670805,0.7591317863235183,0.7452667487918129,0.755919240614397,0.7462058899468336,0.7490504939796496,0.03343893372305899,0.1929383372316888,0.00420554066032697,0.0035871595368969496
1.223799991607666,12.43839988708496,0.7432070837068648,0.9810563203083926,manhattan,40,distance,"{'KNN__metric': 'manhattan', 'KNN__n_neighbors': 40, 'KNN__weights': 'distance'}",36,0.7457341471899473,0.9802107665878549,0.7417363081413554,0.9807360854983387,0.7460763680017094,0.9819463229337991,0.7459405961443297,0.9811388286703413,0.7365456763321935,0.9812495978516296,0.035470574821724686,0.32990818911447334,0.00370449419509485,0.0005751138912645276
1.2862000465393066,12.611199998855591,0.7416071161604239,0.7476184229516628,manhattan,43,uniform,"{'KNN__metric': 'manhattan', 'KNN__n_neighbors': 43, 'KNN__weights': 'uniform'}",52,0.7476028754442555,0.7451004456680004,0.7384294893554986,0.7475656472593996,0.7381059518790962,0.7529866458862227,0.7411381176495363,0.7504681818077875,0.7427595491645634,0.7419711941369037,0.023155089558514336,0.29038687914377403,0.0034600549536870392,0.003877450997090097
1.160200023651123,12.189200115203857,0.7423742359177662,0.9810563203083926,manhattan,43,distance,"{'KNN__metric': 'manhattan', 'KNN__n_neighbors': 43, 'KNN__weights': 'distance'}",44,0.7475116955047895,0.9802107665878549,0.7406810944118933,0.9807360854983387,0.7436330613987029,0.9819463229337991,0.7433528643776917,0.9811388286703413,0.7366901850027138,0.9812495978516296,0.07886033541838092,0.15110042388176345,0.003580644143379339,0.0005751138912645276
1.2125999450683593,12.261800050735474,0.7456651501776914,0.7507581466624916,manhattan,46,uniform,"{'KNN__metric': 'manhattan', 'KNN__n_neighbors': 46, 'KNN__weights': 'uniform'}",18,0.749179380544806,0.7492351623855537,0.7445377558630147,0.7517144721847184,0.7421257635826533,0.7547215029915488,0.7474999210335135,0.7528588443920833,0.7449830330749654,0.7452607513585542,0.02854898714867589,0.20721332118880506,0.002448785893588779,0.0032734238675187
1.2177999019622803,12.30600004196167,0.7422787738129821,0.9810563203083926,manhattan,46,distance,"{'KNN__metric': 'manhattan', 'KNN__n_neighbors': 46, 'KNN__weights': 'distance'}",45,0.7451123342117132,0.9802107665878549,0.7421697088925834,0.9807360854983387,0.7440884348048958,0.9819463229337991,0.743186508312539,0.9811388286703413,0.736834693673234,0.9812495978516296,0.05525729757464045,0.2144508899694476,0.0028903334633375343,0.0005751138912645276
1.2251999378204346,12.2,0.737918930928455,0.7458944290317805,manhattan,49,uniform,"{'KNN__metric': 'manhattan', 'KNN__n_neighbors': 49, 'KNN__weights': 'uniform'}",60,0.738950780726587,0.7421704629509251,0.736397610848755,0.7463468050511564,0.7372171777216752,0.7513893746554595,0.7374161639133686,0.7488740119148246,0.7396135545707948,0.7406914905865373,0.03298114374071044,0.09311721420619402,0.0011828538155534423,0.004005383314075601
1.2220000267028808,12.046000003814697,0.7415790062850978,0.9810563203083926,manhattan,49,distance,"{'KNN__metric': 'manhattan', 'KNN__n_neighbors': 49, 'KNN__weights': 'distance'}",53,0.7446349881505551,0.9802107665878549,0.7392930015383489,0.9807360854983387,0.744688275128165,0.9819463229337991,0.7427311349063459,0.9811388286703413,0.7365456763321935,0.9812495978516296,0.034444157251019875,0.41621725933450865,0.0031902820769178753,0.0005751138912645276
1.3238000392913818,11.562199974060059,0.7216324229896004,0.971834652142682,euclidean,1,uniform,"{'KNN__metric': 'euclidean', 'KNN__n_neighbors': 1, 'KNN__weights': 'uniform'}",84,0.7309479976990552,0.9702270913061161,0.7319186101282624,0.9736015442655015,0.7230182375667665,0.9712660230165004,0.7100469060930542,0.9716717370562185,0.7122236946796572,0.9724068650690735,0.06613144068837258,0.7400770551951886,0.009134999353252779,0.0011299086386616468
1.2387999534606933,11.309400033950805,0.7216324229896004,0.971834652142682,euclidean,1,distance,"{'KNN__metric': 'euclidean', 'KNN__n_neighbors': 1, 'KNN__weights': 'distance'}",84,0.7309479976990552,0.9702270913061161,0.7319186101282624,0.9736015442655015,0.7230182375667665,0.9712660230165004,0.7100469060930542,0.9716717370562185,0.7122236946796572,0.9724068650690735,0.11797524994318408,0.45422580268770946,0.009134999353252779,0.0011299086386616468
1.3366000652313232,12.023999977111817,0.7666622091637407,0.8558947372843418,euclidean,4,uniform,"{'KNN__metric': 'euclidean', 'KNN__n_neighbors': 4, 'KNN__weights': 'uniform'}",2,0.7658074174420251,0.8557399724535393,0.7682007263870271,0.8536297876634936,0.7622083755024106,0.8571817490235558,0.7660309864493511,0.8578434479791787,0.7710653331998462,0.8550787293019414,0.05115702280456791,0.4909969328068007,0.002922920155900551,0.0015015785396855586
1.258400058746338,11.430599927902222,0.737033706230639,0.9818783642693617,euclidean,4,distance,"{'KNN__metric': 'euclidean', 'KNN__n_neighbors': 4, 'KNN__weights': 'distance'}",63,0.7444932842619477,0.9810904030590741,0.7379549063228091,0.9817743179681048,0.7443142137026213,0.9827929387951233,0.7320811880771134,0.9813635154673107,0.7263191520752869,0.9823706460571958,0.03306105013785864,0.3745064457553402,0.007054159227056581,0.0006285802593943996
1.2440000534057618,12.030000114440918,0.741881303579281,0.7918961733976911,euclidean,7,uniform,"{'KNN__metric': 'euclidean', 'KNN__n_neighbors': 7, 'KNN__weights': 'uniform'}",50,0.7471661853734219,0.7899326198578216,0.7413375110323779,0.7903550763602015,0.7400779647690188,0.7963839454222462,0.7420875580403677,0.7932199469625645,0.738735964084919,0.789589278385622,0.0206784567623936,0.4919810038760756,0.002878003450307086,0.0025863008864028068
1.3315999507904053,11.805200052261352,0.7423976929159752,0.9810729455787041,euclidean,7,distance,"{'KNN__metric': 'euclidean', 'KNN__n_neighbors': 7, 'KNN__weights': 'distance'}",43,0.751094817137513,0.9798220299359881,0.7424333807521646,0.9811664475328835,0.7457621721929868,0.9819463229337991,0.7420607094349159,0.9808278289112411,0.730632149688325,0.9816020985796086,0.05857502794148679,0.39508842811551054,0.006715228231408132,0.0007316290923759255
1.326200008392334,12.087799978256225,0.7590502158124236,0.7984737678933422,euclidean,10,uniform,"{'KNN__metric': 'euclidean', 'KNN__n_neighbors': 10, 'KNN__weights': 'uniform'}",4,0.7665555402931126,0.7989123912709633,0.7607142349647833,0.795212840782319,0.7534469438010536,0.8014371270312243,0.7574207439695928,0.7988902717863813,0.7571124085129702,0.7979162085958234,0.08296845444598322,0.39383663297478494,0.00440264269174524,0.0020045888024249406
1.3272001266479492,11.815599918365479,0.7454893265379173,0.9812128928608974,euclidean,10,distance,"{'KNN__metric': 'euclidean', 'KNN__n_neighbors': 10, 'KNN__weights': 'distance'}",19,0.7545839958023018,0.9802107665878549,0.7464658234430072,0.9811664475328835,0.7493612141326011,0.9819463229337991,0.740340029691399,0.9811388286703413,0.7366905801950671,0.9816020985796086,0.06371632317214536,0.36455484370874547,0.006365188860619483,0.0005833181813132926
1.2755999565124512,11.757799959182739,0.7458023575485795,0.7742013316742808,euclidean,13,uniform,"{'KNN__metric': 'euclidean', 'KNN__n_neighbors': 13, 'KNN__weights': 'uniform'}",16,0.7542544059778252,0.7707822702589011,0.747081584073167,0.772703939778305,0.7374715079135766,0.7759731282324043,0.7481434978994915,0.7769250254172055,0.7420596635068842,0.7746222946845885,0.015982391758680513,0.42353240794861696,0.005691735518030288,0.002221132321900031
1.3524000644683838,11.431799936294556,0.7434856970623165,0.9810563203083926,euclidean,13,distance,"{'KNN__metric': 'euclidean', 'KNN__n_neighbors': 13, 'KNN__weights': 'distance'}",33,0.7496973825962889,0.9802107665878549,0.7442455327092573,0.9807360854983387,0.7451090448921076,0.9819463229337991,0.7432386261937101,0.9811388286703413,0.7351341809770209,0.9812495978516296,0.25148568052508935,0.2190008225112959,0.004724205445150238,0.0005751138912645276
1.2841999530792236,11.516599941253663,0.7554730870167429,0.778901633738419,euclidean,16,uniform,"{'KNN__metric': 'euclidean', 'KNN__n_neighbors': 16, 'KNN__weights': 'uniform'}",7,0.7663797590533917,0.773962309647372,0.7579413385373001,0.7791139443353794,0.7421883922279431,0.7802808535315978,0.7580122029543995,0.783508081231018,0.7528431455203629,0.7776429799467275,0.04614938336735129,0.20756936657348207,0.00793639183988346,0.003135213337981523
0.8979999542236328,9.399200057983398,0.7431465471787108,0.9810563203083926,euclidean,16,distance,"{'KNN__metric': 'euclidean', 'KNN__n_neighbors': 16, 'KNN__weights': 'distance'}",37,0.7481428501507035,0.9802107665878549,0.7432688679319758,0.9807360854983387,0.7444213139489781,0.9819463229337991,0.7433175926803333,0.9811388286703413,0.7365792676822233,0.9812495978516296,0.08057782084879359,0.4355884478222355,0.003735015545514187,0.0005751138912645276
0.865999984741211,9.266200017929076,0.7426967053214796,0.7632602871348937,euclidean,19,uniform,"{'KNN__metric': 'euclidean', 'KNN__n_neighbors': 19, 'KNN__weights': 'uniform'}",40,0.7504669518112046,0.7587702624712362,0.742628371618382,0.7645517813343953,0.73647287048133,0.7657909344260047,0.7453675626730684,0.7650966947835961,0.7385465352169079,0.762091762659236,0.021232039529503824,0.40974890079763643,0.004969548098306971,0.002567890066261777
0.8474000453948974,9.371999979019165,0.7439534227368508,0.9810563203083926,euclidean,19,distance,"{'KNN__metric': 'euclidean', 'KNN__n_neighbors': 19, 'KNN__weights': 'distance'}",28,0.7493645034522067,0.9802107665878549,0.7453573227359349,0.9807360854983387,0.7427442872412817,0.9819463229337991,0.742406845867947,0.9811388286703413,0.7398920334490809,0.9812495978516296,0.04472395429600512,0.4353443935513098,0.0032124305830157967,0.0005751138912645276
0.8746000289916992,9.460799932479858,0.7502129974789669,0.7671511197249797,euclidean,22,uniform,"{'KNN__metric': 'euclidean', 'KNN__n_neighbors': 22, 'KNN__weights': 'uniform'}",10,0.757705691680758,0.7618653482377871,0.7509223252173977,0.7676712829380584,0.7449332636523867,0.7717932899290826,0.7496843972751299,0.7681167353981508,0.7478181430174782,0.7663089421218197,0.08301220186564867,0.6422867282181219,0.004255426804834524,0.00320628666623737
0.8680000305175781,9.88899998664856,0.7435290708645091,0.9810563203083926,euclidean,22,distance,"{'KNN__metric': 'euclidean', 'KNN__n_neighbors': 22, 'KNN__weights': 'distance'}",32,0.7500209200726913,0.9802107665878549,0.7435578017661278,0.9807360854983387,0.7444213139489781,0.9819463229337991,0.7425295071438349,0.9811388286703413,0.7371127773591668,0.9812495978516296,0.04554557309632319,0.7133817531589013,0.004125576317668717,0.0005751138912645276
0.8591999053955078,9.411800003051757,0.7421187382414345,0.7568140687339899,euclidean,25,uniform,"{'KNN__metric': 'euclidean', 'KNN__n_neighbors': 25, 'KNN__weights': 'uniform'}",48,0.7536325929995911,0.751013043354794,0.7411177844827268,0.756191495977096,0.7317840111700031,0.7623105177207152,0.7449340366615076,0.7598030031054077,0.7391245698989889,0.7547522835119365,0.056802829280037014,0.7036242111908141,0.007173513553700539,0.003935355910966525
0.965399980545044,9.824999952316285,0.7427067237786762,0.9810563203083926,euclidean,25,distance,"{'KNN__metric': 'euclidean', 'KNN__n_neighbors': 25, 'KNN__weights': 'distance'}",39,0.7496094919764285,0.9802107665878549,0.7431463736698649,0.9807360854983387,0.7446097261759843,0.9819463229337991,0.7407080135190626,0.9811388286703413,0.735456394475738,0.9812495978516296,0.09880407822648457,0.7030154675829229,0.004647909533779995,0.0005751138912645276
0.9157999992370606,9.711200046539307,0.7473161945413186,0.7611468077356053,euclidean,28,uniform,"{'KNN__metric': 'euclidean', 'KNN__n_neighbors': 28, 'KNN__weights': 'uniform'}",12,0.7556957858289794,0.7566101519010575,0.7482906063873851,0.7610087291224439,0.7385360633107185,0.7651668580611635,0.7491634816850397,0.7625646970887188,0.7448943782570437,0.7603836025046424,0.10513504582989273,0.3811405135236298,0.005613426949310854,0.002805494926989211
0.8439999103546143,9.452000141143799,0.7421048915124113,0.9810563203083926,euclidean,28,distance,"{'KNN__metric': 'euclidean', 'KNN__n_neighbors': 28, 'KNN__weights': 'distance'}",49,0.7482213991028842,0.9802107665878549,0.7445910428406248,0.9807360854983387,0.7427882325512121,0.9819463229337991,0.7402307927182371,0.9811388286703413,0.7346893261179993,0.9812495978516296,0.026206798484102848,0.5361914631733038,0.004528819427932358,0.0005751138912645276
0.8350000381469727,9.269199895858765,0.7386707975224687,0.7525113123288898,euclidean,31,uniform,"{'KNN__metric': 'euclidean', 'KNN__n_neighbors': 31, 'KNN__weights': 'uniform'}",58,0.74682396456166,0.7505599683397012,0.7384514620104637,0.7522838185750622,0.7306409068206804,0.7556613728722479,0.7408138286111374,0.7543868791267949,0.7366233974950075,0.7496645227306429,0.014394523061827286,0.4110957366399436,0.005287747484340677,0.0022540780833451833
0.8923999786376953,9.265000104904175,0.7422048111313143,0.9810563203083926,euclidean,31,distance,"{'KNN__metric': 'euclidean', 'KNN__n_neighbors': 31, 'KNN__weights': 'distance'}",46,0.7498984258105804,0.9802107665878549,0.7425245606916308,0.9807360854983387,0.7427882325512122,0.9819463229337991,0.7405198100592776,0.9811388286703413,0.7352896233026489,0.9812495978516296,0.18634331583453512,0.37642693413314476,0.004696515560325375,0.0005751138912645276
0.8457999229431152,9.344000005722046,0.745092353656067,0.7566285830115198,euclidean,34,uniform,"{'KNN__metric': 'euclidean', 'KNN__n_neighbors': 34, 'KNN__weights': 'uniform'}",22,0.7563961477593943,0.752758208089467,0.7469904041337011,0.7559152301220619,0.7350155703232849,0.7612371669191995,0.7444652389525886,0.7586876303711929,0.7425931731838278,0.7545446795556782,0.05616912421705635,0.5160878798769554,0.006922251083230562,0.003010317247697423
0.8512000560760498,9.816400003433227,0.7421759174910314,0.9810563203083926,euclidean,34,distance,"{'KNN__metric': 'euclidean', 'KNN__n_neighbors': 34, 'KNN__weights': 'distance'}",47,0.7508091726229666,0.9802107665878549,0.7402916389705956,0.9807360854983387,0.7398895525420125,0.9819463229337991,0.7425076597492025,0.9811388286703413,0.7373795321976385,0.9812495978516296,0.03599662868618293,0.4228865729463998,0.004613682257448639,0.0005751138912645276
0.9084000587463379,9.690399980545044,0.7383223910210112,0.7488154646472035,euclidean,37,uniform,"{'KNN__metric': 'euclidean', 'KNN__n_neighbors': 37, 'KNN__weights': 'uniform'}",59,0.7451469378539638,0.7453305863213201,0.739528648394891,0.7482536671221768,0.7299751485325161,0.7547865405953931,0.7369255188098172,0.7511452939578641,0.7400361469272477,0.7445612352392632,0.0987251338089798,0.6203938658602351,0.0049519407224656335,0.0037852427625340856
0.9194000720977783,9.660799884796143,0.74003449331129,0.9810563203083926,euclidean,37,distance,"{'KNN__metric': 'euclidean', 'KNN__n_neighbors': 37, 'KNN__weights': 'distance'}",55,0.7458220378098079,0.9802107665878549,0.7390699856690923,0.9807360854983387,0.738623953930579,0.9819463229337991,0.7397535719174118,0.9811388286703413,0.7369014811809402,0.9812495978516296,0.09521050839971174,0.5019934359389708,0.0030434198233652,0.0005751138912645276
1.1308000087738037,12.457200002670287,0.7418424626076202,0.7515737931328511,euclidean,40,uniform,"{'KNN__metric': 'euclidean', 'KNN__n_neighbors': 40, 'KNN__weights': 'uniform'}",51,0.7505108971211348,0.7462291351946692,0.7440697514695365,0.7521049116931492,0.7337060264019211,0.757490487612895,0.7421665245269908,0.7554546082246177,0.7387578313951345,0.7465898229389245,0.49593574910697485,3.8808200759654077,0.005584629949633547,0.004555335632900788
0.9789999961853028,10.532999944686889,0.7393632821791244,0.9810563203083926,euclidean,40,distance,"{'KNN__metric': 'euclidean', 'KNN__n_neighbors': 40, 'KNN__weights': 'distance'}",57,0.7463779328231466,0.9802107665878549,0.7392144525861682,0.9807360854983387,0.7357252739213794,0.9819463229337991,0.7413078955957758,0.9811388286703413,0.7341890125987324,0.9812495978516296,0.12999698657738304,1.2022033934477425,0.004313161999040352,0.0005751138912645276
0.9044000625610351,9.636999893188477,0.7370449008183461,0.7456600040624364,euclidean,43,uniform,"{'KNN__metric': 'euclidean', 'KNN__n_neighbors': 43, 'KNN__weights': 'uniform'}",62,0.7427602075481727,0.7407396932508737,0.7374621662458969,0.746026511716262,0.7316302025852474,0.7516838536720054,0.7387822841319477,0.7495370497793579,0.7345889472602631,0.7403129118936835,0.28041433153849504,1.4996365977172261,0.003773965321275459,0.004566255109247295
0.7511999130249023,9.154599952697755,0.7372308329254488,0.9810563203083926,euclidean,43,distance,"{'KNN__metric': 'euclidean', 'KNN__n_neighbors': 43, 'KNN__weights': 'distance'}",61,0.7415352649270639,0.9802107665878549,0.7378483323675891,0.9807360854983387,0.7349809666810344,0.9819463229337991,0.7374548574918138,0.9811388286703413,0.7343335212692527,0.9812495978516296,0.020409759113368748,0.5031184916140621,0.0025462330240664938,0.0005751138912645276
0.7697999477386475,9.918200063705445,0.7402100513245934,0.747143766430629,euclidean,46,uniform,"{'KNN__metric': 'euclidean', 'KNN__n_neighbors': 46, 'KNN__weights': 'uniform'}",54,0.7457687508321978,0.7422939406177227,0.7404047915650267,0.7473530205269735,0.7337279990568862,0.7537352035338074,0.7419127788833086,0.750141923252847,0.7392358824118326,0.742194744221794,0.028124020488436045,2.409103041418417,0.003919474671458094,0.004483155271272249
1.0009999752044678,13.027400064468384,0.7369443744821677,0.9810563203083926,euclidean,46,distance,"{'KNN__metric': 'euclidean', 'KNN__n_neighbors': 46, 'KNN__weights': 'distance'}",64,0.7424020664295198,0.9802107665878549,0.73724849204432,0.9807360854983387,0.7351474062530755,0.9819463229337991,0.7360668898786022,0.9811388286703413,0.7338554702525543,0.9812495978516296,0.5178907422817743,5.067455527275387,0.0029468848692356365,0.0005751138912645276
0.7326000690460205,10.89099998474121,0.7357522811748691,0.7415457384488403,euclidean,49,uniform,"{'KNN__metric': 'euclidean', 'KNN__n_neighbors': 49, 'KNN__weights': 'uniform'}",66,0.7391172202986281,0.7351821123654337,0.7382850224384226,0.7429410343384399,0.7260212547938544,0.7474063520202346,0.7389267928024681,0.7437297165978503,0.736412101316781,0.7384694769222429,0.015781014709608056,4.351116547458161,0.004958974397933593,0.004266673751707158
0.7844001293182373,8.763399887084962,0.7359089409209661,0.9810563203083926,euclidean,49,distance,"{'KNN__metric': 'euclidean', 'KNN__n_neighbors': 49, 'KNN__weights': 'distance'}",65,0.7451123342117132,0.9802107665878549,0.7355934379915888,0.9807360854983387,0.7321042593268,0.9819463229337991,0.7348671257251757,0.9811388286703413,0.7318655450229477,0.9812495978516296,0.09282807984246737,0.25632911310791967,0.004831562324193228,0.0005751138912645276
1.1673999786376954,9.783999967575074,0.7138254384447658,0.971834652142682,chebyshev,1,uniform,"{'KNN__metric': 'chebyshev', 'KNN__n_neighbors': 1, 'KNN__weights': 'uniform'}",100,0.7252039246582659,0.9702270913061161,0.7225848368155386,0.9736015442655015,0.707155427982584,0.9712660230165004,0.705378933847142,0.9716717370562185,0.7088000115923092,0.9724068650690735,0.3732188653624265,2.4413660429504853,0.008334307201307041,0.0011299086386616468
1.750600004196167,12.754600048065186,0.7138254384447658,0.971834652142682,chebyshev,1,distance,"{'KNN__metric': 'chebyshev', 'KNN__n_neighbors': 1, 'KNN__weights': 'distance'}",100,0.7252039246582659,0.9702270913061161,0.7225848368155386,0.9736015442655015,0.707155427982584,0.9712660230165004,0.705378933847142,0.9716717370562185,0.7088000115923092,0.9724068650690735,0.7776206064351038,3.222828349938071,0.008334307201307041,0.0011299086386616468
1.0874000549316407,9.952000045776368,0.7577668528365026,0.8501505905524448,chebyshev,4,uniform,"{'KNN__metric': 'chebyshev', 'KNN__n_neighbors': 4, 'KNN__weights': 'uniform'}",6,0.7552267288532274,0.8477112916764273,0.7564549607939416,0.8484956668963796,0.7602957019381724,0.8522660627991784,0.7517296292786676,0.854836979878444,0.7651291488610558,0.8474429515117949,0.5712602336257231,1.8474424554502678,0.0045869796469285755,0.002914025676960818
0.8348000049591064,9.74520001411438,0.7335530123425623,0.9818783642693617,chebyshev,4,distance,"{'KNN__metric': 'chebyshev', 'KNN__n_neighbors': 4, 'KNN__weights': 'distance'}",68,0.7373232253857582,0.9810904030590741,0.7344624383384146,0.9817743179681048,0.7412804084440255,0.9827929387951233,0.7278417406319425,0.9813635154673107,0.7268530569445836,0.9823706460571958,0.06074016093136688,1.777765753425859,0.0055182502662306995,0.0006285802593943996
0.7779999256134034,8.75940008163452,0.731348801551739,0.7837882418977118,chebyshev,7,uniform,"{'KNN__metric': 'chebyshev', 'KNN__n_neighbors': 7, 'KNN__weights': 'uniform'}",69,0.7403449259482056,0.7793664935939194,0.7326381816851737,0.7811412732253594,0.725103929342257,0.7875784905820187,0.7272350147930553,0.786548209166027,0.7314210853562791,0.7843067429212346,0.03529863073728089,0.621416033123539,0.005263728117546767,0.0031244375153605198
0.7401999473571778,8.269799995422364,0.731107275529692,0.9810729455787041,chebyshev,7,distance,"{'KNN__metric': 'chebyshev', 'KNN__n_neighbors': 7, 'KNN__weights': 'distance'}",70,0.7409634496068342,0.9798220299359881,0.7358005335539546,0.9811664475328835,0.7287782309144466,0.9819463229337991,0.728206302578519,0.9808278289112411,0.7217831342442079,0.9816020985796086,0.03240612657345026,0.24405453952108236,0.006632337475718028,0.0007316290923759255
0.739400053024292,8.42200002670288,0.7424708443807839,0.784506487984282,chebyshev,10,uniform,"{'KNN__metric': 'chebyshev', 'KNN__n_neighbors': 10, 'KNN__weights': 'uniform'}",42,0.7558210431195591,0.7832073400455826,0.7443301340095121,0.7812007169042587,0.7371067881557127,0.7867410882441331,0.7387017383155923,0.7862893607630602,0.7363910243912722,0.7850939339643755,0.019458665501503963,0.31462870372464796,0.007233855644357385,0.0020558732571006573
1.2247999668121339,11.01579990386963,0.7310414321818527,0.9812128928608974,chebyshev,10,distance,"{'KNN__metric': 'chebyshev', 'KNN__n_neighbors': 10, 'KNN__weights': 'distance'}",71,0.7382531818246408,0.9802107665878549,0.7320476830295843,0.9811664475328835,0.7303234216923522,0.9819463229337991,0.7305621360961077,0.9811388286703413,0.7240175518097176,0.9816020985796086,0.5001497508846175,2.050374183156818,0.00454079084912374,0.0005833181813132926
0.7688000202178955,8.290399885177612,0.728095617815146,0.757355172440308,chebyshev,13,uniform,"{'KNN__metric': 'chebyshev', 'KNN__n_neighbors': 13, 'KNN__weights': 'uniform'}",74,0.7386678992405092,0.7568251807306661,0.7298180506281547,0.7570694295917512,0.7232104654045153,0.7552984505387297,0.7269291512682019,0.7601440186844655,0.7218495265595608,0.7574387826559278,0.08641618497136977,0.31554054652650787,0.005983060520499807,0.0015733594128443536
0.7549999713897705,8.301399946212769,0.7293673626194309,0.9810563203083926,chebyshev,13,distance,"{'KNN__metric': 'chebyshev', 'KNN__n_neighbors': 13, 'KNN__weights': 'distance'}",72,0.7384542250389324,0.9802107665878549,0.7289259871511282,0.9807360854983387,0.7298587066184794,0.9819463229337991,0.7264553523484635,0.9811388286703413,0.7231391709391353,0.9812495978516296,0.046724676329899385,0.49870664798582165,0.005104424424429081,0.0005751138912645276
1.0194000720977783,10.23899998664856,0.7345830508586473,0.7609520754926382,chebyshev,16,uniform,"{'KNN__metric': 'chebyshev', 'KNN__n_neighbors': 16, 'KNN__weights': 'uniform'}",67,0.7442296124023663,0.7598858474060856,0.7351693789080407,0.7603437266155428,0.728326146827859,0.7619637108268543,0.7325112922075872,0.764674375733872,0.732677533578177,0.7578927168808365,0.34922745641609665,2.933331319165957,0.00530071529518888,0.0022691642047126454
1.100399923324585,10.290800094604492,0.7290413558905017,0.9810563203083926,chebyshev,16,distance,"{'KNN__metric': 'chebyshev', 'KNN__n_neighbors': 16, 'KNN__weights': 'distance'}",73,0.7374555876066857,0.9802107665878549,0.7285052173871855,0.9807360854983387,0.7313473210991696,0.9819463229337991,0.7259562841530056,0.9811388286703413,0.7219385765698358,0.9812495978516296,0.2561527482948235,1.1683307628545765,0.005222357405311473,0.0005751138912645276
0.9789999008178711,11.154200077056885,0.7236133188818009,0.744296993283539,chebyshev,19,uniform,"{'KNN__metric': 'chebyshev', 'KNN__n_neighbors': 19, 'KNN__weights': 'uniform'}",82,0.729573062103933,0.7412116806680964,0.7251105079814683,0.743871600205738,0.7199569335962684,0.7442782456437886,0.7223535698116387,0.7493539935838698,0.7210711293543612,0.7427694463162023,0.4079087990555068,3.0128278628639067,0.003440452555005624,0.002742521338280218
0.7650000095367432,9.201199960708617,0.7270601705678782,0.9810563203083926,chebyshev,19,distance,"{'KNN__metric': 'chebyshev', 'KNN__n_neighbors': 19, 'KNN__weights': 'distance'}",75,0.7328359355798596,0.9802107665878549,0.7283387778151444,0.9807360854983387,0.728304174172894,0.9819463229337991,0.7230358402560622,0.9811388286703413,0.7227833660903884,0.9812495978516296,0.04066936120247793,0.4537160037205881,0.003768976120334139,0.0005751138912645276
0.7734000205993652,9.294800090789796,0.7262991864964569,0.7470608989554174,chebyshev,22,uniform,"{'KNN__metric': 'chebyshev', 'KNN__n_neighbors': 22, 'KNN__weights': 'uniform'}",76,0.7321921499466604,0.7444560584197932,0.7311056218945533,0.7462442470183804,0.7251951092817231,0.7493603429089153,0.7191609547574677,0.7501413309976984,0.7238394517891676,0.7451025154322997,0.027990021674316266,0.40325792125701587,0.004817757068962158,0.0022831506603071855
1.251200008392334,12.266999959945679,0.7250209992664215,0.9810563203083926,chebyshev,22,distance,"{'KNN__metric': 'chebyshev', 'KNN__n_neighbors': 22, 'KNN__weights': 'distance'}",77,0.7277609101468404,0.9802107665878549,0.7258954712121379,0.9807360854983387,0.7261498014040395,0.9819463229337991,0.7235920275435106,0.9811388286703413,0.7217050178890406,0.9812495978516296,0.8454856866306775,5.889149868147611,0.0021251541123844834,0.0005751138912645276
0.9265998840332031,10.178800058364867,0.7210359546469955,0.7361925361440012,chebyshev,25,uniform,"{'KNN__metric': 'chebyshev', 'KNN__n_neighbors': 25, 'KNN__weights': 'uniform'}",87,0.7280751059555632,0.7331937023856215,0.7230786294747246,0.7357696719172893,0.7169011556827075,0.7378585422080229,0.72142097560462,0.7413053941792802,0.7157016508501907,0.7328353700297914,0.21241709647258974,1.5494704761977367,0.004459200411172313,0.00314195085503587
0.7906000137329101,9.176599979400635,0.7245921551811114,0.9810563203083926,chebyshev,25,distance,"{'KNN__metric': 'chebyshev', 'KNN__n_neighbors': 25, 'KNN__weights': 'distance'}",78,0.725772976950027,0.9802107665878549,0.728250887195284,0.9807360854983387,0.7280937892909226,0.9819463229337991,0.7241482148309591,0.9811388286703413,0.7166913442336167,0.9812495978516296,0.059627511653952164,0.5412982350660268,0.004234297311321345,0.0005751138912645276
0.9081999301910401,8.686799955368041,0.724494745667325,0.7392910385212734,chebyshev,28,uniform,"{'KNN__metric': 'chebyshev', 'KNN__n_neighbors': 28, 'KNN__weights': 'uniform'}",79,0.7336368191174202,0.7360376373748685,0.7279180080512018,0.7385585725567111,0.7229308732380431,0.741008662324399,0.7235264853596134,0.7434114288101168,0.714456926668107,0.7374388915402719,0.1744481457280516,0.1534423511412611,0.006315363890198897,0.002626001580706402
0.8216000556945801,10.773199987411498,0.7233638512573218,0.9810563203083926,chebyshev,28,distance,"{'KNN__metric': 'chebyshev', 'KNN__n_neighbors': 28, 'KNN__weights': 'distance'}",83,0.7285837663393662,0.9802107665878549,0.7247743395177805,0.9807360854983387,0.7240959502423308,0.9819463229337991,0.7245380460532551,0.9811388286703413,0.7148236651719615,0.9812495978516296,0.09724728039160185,4.09801877053495,0.0045621895857450995,0.0005751138912645276
0.9163999080657959,8.912400102615356,0.717796700000475,0.7290290763297571,chebyshev,31,uniform,"{'KNN__metric': 'chebyshev', 'KNN__n_neighbors': 31, 'KNN__weights': 'uniform'}",92,0.7252989202084744,0.7229337612488483,0.7229781078675788,0.7282904215124454,0.7161255341197176,0.7305426919960906,0.7145114080251009,0.7346863095105994,0.7100654175075483,0.7286921973808018,0.3189663230055481,0.3928228662889825,0.005594300101096286,0.003797559320109018
1.242799949645996,12.394400072097778,0.7207090832488691,0.9810563203083926,chebyshev,31,distance,"{'KNN__metric': 'chebyshev', 'KNN__n_neighbors': 31, 'KNN__weights': 'distance'}",89,0.7229528458930081,0.9802107665878549,0.7229308732380431,0.9807360854983387,0.7227078573687865,0.9819463229337991,0.7215167882750562,0.9811388286703413,0.7134340371270044,0.9812495978516296,0.626207537402927,5.605179577830746,0.0036750545313035624,0.0005751138912645276
0.6931999206542969,8.042600011825561,0.7214725737391984,0.7315643365629262,chebyshev,34,uniform,"{'KNN__metric': 'chebyshev', 'KNN__n_neighbors': 34, 'KNN__weights': 'uniform'}",86,0.7276636778593003,0.726587186535778,0.7275192109422243,0.7313689969740487,0.7189017198668063,0.7317663383986982,0.7184955304968572,0.7360570676003154,0.714779140166824,0.7320420933057905,0.019974024093640897,0.46478836308537375,0.005199267463563865,0.0030087827561674123
0.7614000320434571,7.933999967575073,0.7209803399446805,0.9810563203083926,chebyshev,34,distance,"{'KNN__metric': 'chebyshev', 'KNN__n_neighbors': 34, 'KNN__weights': 'distance'}",88,0.7247869705050657,0.9802107665878549,0.7230533675001538,0.9807360854983387,0.7226639120588562,0.9819463229337991,0.7224493824820747,0.9811388286703413,0.7119444254166646,0.9812495978516296,0.05593787859550382,0.3575908653302298,0.0045914205305404325,0.0005751138912645276
0.7219998836517334,8.226800060272216,0.7152707649427421,0.7252470140164325,chebyshev,37,uniform,"{'KNN__metric': 'chebyshev', 'KNN__n_neighbors': 37, 'KNN__weights': 'uniform'}",98,0.723888854679965,0.7189758536913538,0.7172246931591099,0.7258324262125927,0.7128154260142551,0.7276512333238928,0.7148793918527644,0.7280016819388156,0.7075419826009981,0.7257738749155077,0.04992009556934387,0.5096993061849105,0.005366525087682016,0.0032654619125079645
0.6866000175476075,8.402199983596802,0.7193510392453449,0.9810563203083926,chebyshev,37,distance,"{'KNN__metric': 'chebyshev', 'KNN__n_neighbors': 37, 'KNN__weights': 'distance'}",90,0.7228869279281127,0.9802107665878549,0.7230973128100842,0.9807360854983387,0.7228083789759322,0.9819463229337991,0.7218713477999938,0.9811388286703413,0.706085962240688,0.9812495978516296,0.022339190528347333,0.5693222236923133,0.006644621313492041,0.0005751138912645276
0.860599946975708,9.382200002670288,0.7168385671772854,0.7272131680935949,chebyshev,40,uniform,"{'KNN__metric': 'chebyshev', 'KNN__n_neighbors': 40, 'KNN__weights': 'uniform'}",94,0.7243096244439077,0.722971586053108,0.7177113808879478,0.72593078880166,0.7141815462328344,0.7270646773879833,0.7163547490445056,0.7309782247030183,0.7116331455730555,0.7291205635222051,0.28035454378131663,2.5166081840514325,0.0042654141340958875,0.0027375672754277307
0.7537998676300048,8.694400024414062,0.7182204891265063,0.9810563203083926,chebyshev,40,distance,"{'KNN__metric': 'chebyshev', 'KNN__n_neighbors': 40, 'KNN__weights': 'distance'}",91,0.7218536868536157,0.9802107665878549,0.7226199667489259,0.9807360854983387,0.7197432593946916,0.9819463229337991,0.7195944807690283,0.9811388286703413,0.7072865566099874,0.9812495978516296,0.1576063254341051,1.517883252288373,0.005590720870434184,0.0005751138912645276
0.9041999816894531,8.355400085449219,0.7141401106866563,0.7213160372265423,chebyshev,43,uniform,"{'KNN__metric': 'chebyshev', 'KNN__n_neighbors': 43, 'KNN__weights': 'uniform'}",99,0.723577948190848,0.7168594662257076,0.7153372815694423,0.7207138121344803,0.7130604145384768,0.723732549051894,0.7135132716341853,0.7249517159877287,0.7052075813701055,0.7203226427329008,0.21149886458399672,0.926461781974235,0.00586246146446525,0.002837894368139633
0.6863999843597413,8.11520004272461,0.7174786118054322,0.9810563203083926,chebyshev,43,distance,"{'KNN__metric': 'chebyshev', 'KNN__n_neighbors': 43, 'KNN__weights': 'distance'}",93,0.7199662752639482,0.9802107665878549,0.7213543681374924,0.9807360854983387,0.7190209248093116,0.9819463229337991,0.7203388715162619,0.9811388286703413,0.7067085219279063,0.9812495978516296,0.008731633434505686,0.13493172664562,0.005435648436699293,0.0005751138912645276
0.7835999488830566,8.054399967193604,0.7154214980850188,0.7225012648014062,chebyshev,46,uniform,"{'KNN__metric': 'chebyshev', 'KNN__n_neighbors': 46, 'KNN__weights': 'uniform'}",97,0.7247996014923511,0.7171140227161394,0.719024214128917,0.7223237930917725,0.7132707994204481,0.7247731836188424,0.7140560346189079,0.7273037997297113,0.7059523872252755,0.7209915248505652,0.14491598257378016,0.4810455912448005,0.006278035264989523,0.0034513517659828796
0.8691999912261963,10.039600133895874,0.7166697824715207,0.9810563203083926,chebyshev,46,distance,"{'KNN__metric': 'chebyshev', 'KNN__n_neighbors': 46, 'KNN__weights': 'distance'}",95,0.7201107421810241,0.9802107665878549,0.7219542084607615,0.9807360854983387,0.7194543255605395,0.9819463229337991,0.7189509039030504,0.9811388286703413,0.7028731801392133,0.9812495978516296,0.38857499952979807,2.7067350307869438,0.006971601405976937,0.0005751138912645276
0.7361999988555908,10.28060007095337,0.7129699382997033,0.7180301890630575,chebyshev,49,uniform,"{'KNN__metric': 'chebyshev', 'KNN__n_neighbors': 49, 'KNN__weights': 'uniform'}",102,0.7239454309771806,0.712807301032892,0.7176707248976232,0.7159368058905741,0.7100831855770967,0.7226017618033709,0.707716078629563,0.7224331098398209,0.7054298112034398,0.7163719667486292,0.10615538047927177,4.966393598634227,0.006860739193042384,0.0038651132561150535
0.7181999683380127,7.977999973297119,0.7156102487099265,0.9810563203083926,chebyshev,49,distance,"{'KNN__metric': 'chebyshev', 'KNN__n_neighbors': 49, 'KNN__weights': 'distance'}",96,0.7209775436834801,0.9802107665878549,0.7192219680236032,0.9807360854983387,0.7174883650186911,0.9819463229337991,0.7165513755961971,0.9811388286703413,0.7038070196700409,0.9812495978516296,0.05259040897391992,0.484415231711906,0.006091711352940021,0.0005751138912645276
